Название,Рейтинг,Направления
Армянский Шашлычный Двор,4.9,Фастфуд круглосуточно | Точка по продаже шаурмы | Круглосуточный ресторан
Джекина доставка,4.8,Бар молочных коктейлей | Паназиатская кухня | Корабль-ресторан
Инжир,4.5,Чебуречная | Восточная кухня | Детский ресторан
Армянский Шашлычный Двор,5.0,Фастфуд круглосуточно | Точка по продаже шаурмы | Круглосуточный ресторан
PastaMama,4.4,Детский ресторан | Винный бар | Бургерная
Суши Море,4.7,Детский ресторан | Паназиатская кухня | Фреш-бар
Додо Пицца,4.8,Бар молочных коктейлей | Детский ресторан | Пиццерия
Банкет холл,4.2,Банкетный зал | Европейская кухня
Бамбук,4.4,Детский ресторан | Паназиатская кухня | Гриль-бар
Сибирские блины,4.8,Блинная | Бар молочных коктейлей | Точка по продаже шаурмы
Солянка,4.4,Бабл ти бар | Детский ресторан | Винный бар
Party pizza,4.9,Круглосуточный ресторан | Паназиатская кухня | Японская кухня
Dolce,4.9,Бабл ти бар | Детский ресторан | Паназиатская кухня
Maya pizza,4.3,Детский ресторан | Пиццерия | Фастфуд
Харди гарди,4.6,Гриль-бар | Винный бар | Стейк-хаус
Буланже,4.4,Кафе | Кафе с бельгийскими вафлями | Бар молочных коктейлей
Тот самый пармезан,4.8,Блинная | Семейный ресторан | Пельменная
Пицце-Рио,4.3,Пиццерия | Фастфуд | Кофейня
Dolce,4.8,Детский ресторан | Паназиатская кухня | Бургерная
Пицце-Рио,4.4,Пиццерия | Фастфуд | Кофейня
Наше кафе,4.6,Столовая | Банкетный зал | Кофе на вынос
Leto,4.8,Детский ресторан | Пельменная | Гриль-бар
Радхика,4.2,Восточная кухня | Паназиатская кухня | Пельменная
Bristot,5.0,Винный бар | Кондитерские изделия | Кофейня
Ням-ням,4.5,Точка по продаже шаурмы | Чебуречная | Восточная кухня
Додо Пицца,4.4,Бар молочных коктейлей | Детский ресторан | Пиццерия
Суши Море,4.7,Паназиатская кухня | Суши-бар | Японская кухня
Boncafe,4.8,Точка по продаже шаурмы | Восточная кухня | Пельменная
Итальянцы,4.7,Кафе | Кафе с бельгийскими вафлями | Бар молочных коктейлей
Буланже,4.7,Кафе | Кафе с бельгийскими вафлями | Бар молочных коктейлей
Кедр,4.9,Восточная кухня | Детский ресторан | Хинкальная
Мэйк лав пицца,4.1,Доставка итальянской еды | Доставка пасты | Доставка салатов
Доберман,4.4,Пельменная | Винный бар | Стейк-хаус
Rostic`s,4.2,Бар молочных коктейлей | Бургерная
The burger lab,3.8,Кафе | Кафе с фалафелем | Гриль-бар
Bristot,4.8,Винный бар | Кондитерские изделия | Кофейня
Италиано Пицца,4.2,Круглосуточный ресторан | Паназиатская кухня | Японская кухня
Папа Джонс,4.1,Пиццерия | Фастфуд | Доставка еды
Галерея,5.0,Паб | Гриль-бар | Винный бар
Канарейка,4.2,Винный бар | Банкетный зал | Бар
Дыхание вока,4.7,Лапшичная | Паназиатская кухня | Фастфуд
Клаус,4.5,Бар молочных коктейлей | Банкетный зал для свадьбы
Ozero гриль,4.8,Ресторан-пивоварня | Точка по продаже шаурмы | Паназиатская кухня
Пицце-Рио,3.9,Пиццерия | Фастфуд | Кофейня
Сибирская трапеза,5.0,Банкетный зал для свадьбы | Детский ресторан | Винный бар
Снегири,4.4,Кафе | Кафе с бельгийскими вафлями | Детский ресторан
СушиSell,4.8,Паназиатская кухня | Суши-бар | Фастфуд
Baba Roma,4.1,Пекарня | Кондитерские изделия | Кондитерская
Река 827,3.9,Детский ресторан | Винный бар | Панорамный ресторан
Варяг,4.1,Бар | Европейская кухня
Harat`s pub,4.7,Восточная кухня | Паб | Винный бар
Кастелло,4.4,Хинкальная | Гриль-бар | Винный бар
Бургер Кинг,3.9,Бар молочных коктейлей | Бургерная | Фастфуд
Молчание ягнят,4.5,Винный бар | Стейк-хаус | Банкетный зал
Мимино,3.8,Точка по продаже шаурмы | Восточная кухня | Хинкальная
Шашлычный дом,4.8,Фастфуд круглосуточно | Точка по продаже шаурмы | Круглосуточный ресторан
Лада,4.9,Столовая | Банкетный зал | Доставка горячих блюд
Kannam Сhicken,4.2,Лапшичная | Точка по продаже шаурмы | Детский ресторан
Аланамама,3.7,Точка по продаже шаурмы | Паназиатская кухня | Фастфуд
TORTA,3.6,Паназиатская кухня | Пекарня | Кондитерские изделия
Пралине,4.5,Паназиатская кухня | Кондитерские изделия | Суши-бар
Кухтерин,4.2,Детский ресторан | Пельменная | Гриль-бар
Рюмки на стол,4.6,Крафтовый бар | Пельменная | Гриль-бар
Minisu,3.4,Паназиатская кухня | Суши-бар | Фастфуд
Шашлыкоff,3.8,Кафе | Кафе с бельгийскими вафлями | Банкетный зал для корпоратива
Пряный Тимьян,4.4,Бар молочных коктейлей | Пельменная | Гриль-бар
Yellow ink,4.8,Паназиатская кухня | Бургерная | Суши-бар
Underground,4.4,Банкетный зал на 70 человек
Шаурма гриль,4.3,Точка по продаже шаурмы | Фастфуд | Доставка фастфуда
Шале,4.7,Банкетный зал на 50 человек | Банкетный зал с терассой | Банкетный зал на Новый год
"Пеки, Лола",3.6,Банкетный зал для дня рождения | Банкетный зал для юбилея | Детский ресторан
Додо Пицца,4.9,Бар молочных коктейлей | Детский ресторан | Пиццерия
Pho Tigers,4.7,Лапшичная | Восточная кухня | Паназиатская кухня
Мистер Pizza,5.0,Паназиатская кухня | Греческая кухня | Пиццерия
Loft is,3.7,Банкетный зал
Тесто,5.0,Пекарня | Кондитерская | Кофе на вынос
Ozero Холл,4.3,Банкетный зал для дня рождения | Банкетный зал для юбилея | Банкетный зал для свадьбы
Rockhub,4.8,Крафтовый бар | Банкетный зал | Бар
Панда,3.7,Паназиатская кухня | Японская кухня | Доставка азиатской кухни
Антонов двор,3.9,Кафе | Кафе с бельгийскими вафлями | Восточная кухня
Северный союз,4.4,Восточная кухня | Гриль-бар | Винный бар
Суши Даром,4.8,Паназиатская кухня | Японская кухня | Доставка азиатской кухни
Нарым,3.7,Винный бар | Банкетный зал | Бар
MushRooms,4.5,Точка по продаже шаурмы | Крафтовый бар | Банкетный зал
Суши Море,4.7,Паназиатская кухня | Суши-бар | Фастфуд
Багет-омлет,3.3,Детский ресторан | Винный бар | Панорамный ресторан
Вечный зов,3.7,Детский ресторан | Пельменная | Гриль-бар
Harat`s pub,4.1,Точка по продаже шаурмы | Восточная кухня | Паб
Ёбидоёби,3.5,Паназиатская кухня | Суши-бар | Фастфуд
Bristot,4.5,Винный бар | Фреш-бар | Кондитерская
Панда,3.3,Бар молочных коктейлей | Детский ресторан | Семейный ресторан
Папа Джонс,5.0,Пиццерия | Фастфуд | Доставка еды
Наше кафе,4.9,Столовая | Банкетный зал | Доставка горячих блюд
Velvet,3.5,Паназиатская кухня | Пельменная | Гриль-бар
Птичка,3.5,Винный бар | Пиццерия | Банкетный зал
Escobar,4.8,Бар
Сладкарница,3.3,Пекарня | Кондитерские изделия | Кофе на вынос
Южани с огоньком,3.8,Кафе | Восточная кухня
Лофт студия вкуса,3.8,Детский ресторан | Пельменная | Гриль-бар
Суши Кит,4.3,Паназиатская кухня | Японская кухня | Доставка азиатской кухни
Байкал,4.3,Паназиатская кухня | Вегетарианская кухня | Суши-бар
Буланже,3.2,Кафе | Кафе с бельгийскими вафлями | Бар молочных коктейлей
Сыр-Бор,4.7,Столовая | Кофе на вынос | Wi-Fi
Чайная обитель,5.0,Доставка еды | Доставка кондитерских изделий
Старый чердак,3.5,Банкетный зал | Кондитерская | Кейтеринг
Шашлыкоff,3.5,Кафе | Кафе с бельгийскими вафлями | Банкетный зал для корпоратива
Панорама,3.6,Восточная кухня | Паназиатская кухня | Гриль-бар
Корона,5.0,Детский ресторан | Гриль-бар | Банкетный зал
Суши WOK,4.4,Паназиатская кухня | Фастфуд | Бар
Доберман,4.4,Винный бар | Стейк-хаус | Банкетный зал
Антонов двор,3.7,Кафе | Кафе с бельгийскими вафлями | Кондитерские изделия
Resto-место Ближе,3.5,Чебуречная | Восточная кухня | Детский ресторан
Бульвар,3.3,Банкетный зал на 70 человек | Банкетный зал для корпоратива
Invino,4.3,Винный бар | Банкетный зал | Бар
Сибирское бистро,4.0,Бар молочных коктейлей | Пельменная | Бургерная
Пельмени Project,4.4,
Пабик,3.7,Чебуречная | Гриль-бар | Винный бар
Суши Море,4.7,Паназиатская кухня | Суши-бар | Фастфуд
Сансара,4.3,Кофейня | Дог-френдли | Кофе на вынос
Ме-Га Суши,4.3,Паназиатская кухня | Суши-бар | Японская кухня
Rostic`s,3.8,Бар молочных коктейлей | Бургерная
Пирога,3.1,Пекарня | Кондитерские изделия | Кавказская кухня
Колобок. Ру,4.0,Кулинария | Столовая | Доставка плова
Maya pizza,4.0,Пиццерия | Фастфуд | Мексиканская кухня
Су энд Ши,5.0,Бар молочных коктейлей | Точка по продаже шаурмы | Восточная кухня
Ваниль,3.6,Кафе | Кафе с бельгийскими вафлями | Кафе-мороженое
Графт,3.7,Гриль-бар | Винный бар | Шашлычная
Территория Кофе,4.5,Бар молочных коктейлей | Фреш-бар | Кофе на вынос
Дыхание вока,3.6,Паназиатская кухня | Фастфуд | Бар
Хинкали-тун,3.6,Хинкальная | Шашлычная | Кавказская кухня
Додо Пицца,3.9,Итальянская кухня | Европейская кухня | Доставка еды
El Mucho Bar,4.3,Гриль-бар | Винный бар | Стейк-хаус
Мистер Ролл,5.0,Паназиатская кухня | Японская кухня | Доставка азиатской кухни
Мюнхен,3.7,Гриль-бар | Винный бар | Стейк-хаус
Ораш,4.5,Круглосуточный ресторан | Восточная кухня | Пельменная
Буланжери,4.4,Кондитерские изделия | Кондитерская | Кофе на вынос
Народное собрание,4.0,Банкетный зал | Европейская кухня
Лаванда,3.9,Банкетный зал | Кейтеринг | Шведский стол
Clever,3.8,Паб | Винный бар | Бар
Арбат,3.5,Банкетный зал на 60 человек | Банкетный зал на 50 человек
Безумно. Крутая шаурма,4.9,Фастфуд круглосуточно | Точка по продаже шаурмы | Фастфуд
Сибирские блины,5.0,Блинная | Точка по продаже шаурмы | Фастфуд
Антонов двор,5.0,Кафе | Кафе с бельгийскими вафлями | Восточная кухня
Территория Кофе,4.0,Бар молочных коктейлей | Фреш-бар | Кофейня
Буфет,5.0,Банкетный зал | Европейская кухня | Wi-Fi
Шустофф,3.7,Банкетный зал
Панда,2.8,Детский ресторан | Семейный ресторан | Паназиатская кухня
ProFerma,3.5,Бургерная | Фастфуд | Американская кухня
Славянский базаръ,4.0,Детский ресторан | Винный бар | Банкетный зал
Суши WOK,5.0,Паназиатская кухня | Фастфуд | Бар
Антонов двор,3.2,Кафе | Кафе с бельгийскими вафлями | Восточная кухня
Ассорти,4.5,Блинная | Банкетный зал на 70 человек
Антрекот,4.4,Гриль-бар | Винный бар | Бургерная
Мэйк лав пицца,5.0,Кафе | Кафе с фалафелем | Кафе с бельгийскими вафлями
Meet Up,3.5,Винный бар | Бар | Доставка горячих блюд
#re:bro мясо&бургеры,4.0,Гриль-бар | Винный бар | Бургерная
Ресторан в развлекательном комплексе Paradise,3.9,Кавказская кухня | Банкетный зал | Кондитерская
Baba Roma,4.3,Бар молочных коктейлей | Пекарня | Кулинария
Rocket Coffee,3.7,Бар молочных коктейлей | Кофейня | Кофе на вынос
Саша Варит,3.2,Европейская кухня | Доставка азиатской кухни | Доставка плова
Безумно. Крутая шаурма,4.9,Точка по продаже шаурмы | Фастфуд
Прокрафт,4.0,Бургерная | Фастфуд | Пивной ресторан
Золотая долина,2.6,Точка по продаже шаурмы | Восточная кухня | Детский ресторан
Администрации Томской области,4.0,Столовая | Банкетный зал | Кофе на вынос
Безумно. Крутая шаурма,4.9,Точка по продаже шаурмы | Фастфуд
Безумно. Крутая шаурма,4.9,Точка по продаже шаурмы | Фастфуд
Додо Пицца,4.3,Бар молочных коктейлей | Детский ресторан | Пиццерия
Перчини,3.0,Детский ресторан | Винный бар | Пиццерия
Суши точка,4.7,Паназиатская кухня | Суши-бар | Фастфуд
Медведица,3.2,Банкетный зал для свадьбы | Банкетный зал
"Мама, я дома!",3.0,Детский ресторан | Хинкальная | Гриль-бар
Корона,2.6,Бар молочных коктейлей | Банкетный зал для дня рождения | Банкетный зал для юбилея
Мамина пицца,4.8,Корабль-ресторан | Доставка салатов | Доставка фастфуда
Вокруг света,3.3,Детский ресторан | Семейный ресторан | Паназиатская кухня
Баракат,2.6,Круглосуточный бар | Фастфуд круглосуточно | Точка по продаже шаурмы
Колобок. Ру,4.0,Кулинария | Кондитерские изделия | Столовая
8 небо,3.3,Банкетный зал | Wi-Fi
Public,2.4,Детский ресторан | Паназиатская кухня | Шашлычная
Ферганская кухня,3.3,Точка по продаже шаурмы | Восточная кухня | Шашлычная
Farfor,3.3,Домашняя кухня | Паназиатская кухня | Бургерная
Хлеб соль,2.7,Восточная кухня | Гриль-бар | Винный бар
Custom,5.0,Пивной ресторан | Бар | Дог-френдли
Edatomsk.ru,4.0,Кулинария | Столовая | Фастфуд
Союз,2.8,Восточная кухня | Пельменная | Гриль-бар
Мелодия,3.3,Винный бар | Банкетный зал | Бар
Безумно. Крутая шаурма,4.7,Точка по продаже шаурмы | Фастфуд
Ёлка,4.6,Бар молочных коктейлей | Бабл ти бар | Панорамный ресторан
Pashtet catering,5.0,Кейтеринг на свадьбу | Кейтеринг | Доставка еды
Сибирские блины,5.0,Фастфуд | Бар
Корона,2.8,Бар молочных коктейлей | Банкетный зал для дня рождения | Банкетный зал для юбилея
Rostic`s,3.0,Бар молочных коктейлей | Бургерная
Очаг,3.1,Восточная кухня | Шашлычная | Пекарня
Голоса,3.2,Банкетный зал | Бар | Европейская кухня
Безумно. Крутая шаурма,4.7,Точка по продаже шаурмы | Фастфуд
#re:bro мясо&бургеры,4.8,Гриль-бар | Бургерная | Фастфуд
Безумно. Крутая шаурма,4.7,Точка по продаже шаурмы | Фастфуд | Кофе на вынос
Торта,3.0,Пекарня | Кондитерские изделия | Кондитерская
Пицце-Рио,3.0,Пиццерия | Фастфуд | Мексиканская кухня
Венеция,2.8,Детский ресторан | Паназиатская кухня | Хинкальная
Сибирские блины,5.0,Блинная | Точка по продаже шаурмы | Фастфуд
Stonebridge,3.7,Винный бар | Банкетный зал | Пивной ресторан
Пряничная мастерская,4.7,Кондитерские изделия | Кондитерская
Инторт,5.0,Кафе | Кафе с бельгийскими вафлями | Кондитерские изделия
YourTime Specialty,5.0,Кафе | Кафе с бельгийскими вафлями | Бар молочных коктейлей
Золотой ключик,2.2,Чебуречная | Детский ресторан | Семейный ресторан
Пицца. ру,4.0,Бар молочных коктейлей | Бабл ти бар | Детский ресторан
Кухня,2.8,Восточная кухня | Детский ресторан | Паназиатская кухня
Шанте,3.0,Восточная кухня | Детский ресторан | Пельменная
Кудесы,2.2,Пекарня | Кондитерские изделия | Банкетный зал
Визави,2.9,Кафе | Банкетный зал для корпоратива | Банкетный зал для дня рождения
Дрезден,2.9,Кафе-мороженое | Винный бар | Шашлычная
Max grill,3.0,Точка по продаже шаурмы | Фастфуд | Доставка фастфуда
Катана,5.0,Паназиатская кухня | Японская кухня | Доставка азиатской кухни
Baba roma,4.0,Бар молочных коктейлей | Пекарня | Кулинария
Бууза,4.6,Фастфуд | Доставка еды | Дог-френдли
Paradise,3.8,Банкетный зал | Европейская кухня | Доставка еды
Сэнсэй,4.2,Круглосуточный ресторан | Паназиатская кухня | Японская кухня
Дворец торжеств,3.0,Банкетный зал
Сибирские блины,5.0,Блинная | Точка по продаже шаурмы | Кулинария
Хочу Пури,4.3,Кафе | Восточная кухня
Ёлка,4.6,Бар молочных коктейлей | Бабл ти бар | Кондитерские изделия
Суши Джет,5.0,Паназиатская кухня | Суши-бар | Японская кухня
Гегард,5.0,Шашлычная | Кавказская кухня | Армянская кухня
Шаурма по-братски,5.0,Бар молочных коктейлей | Точка по продаже шаурмы
Гоар,3.5,Точка по продаже шаурмы | Шашлычная | Кавказская кухня
Baba Roma,4.0,Бар молочных коктейлей | Пекарня | Кулинария
Укромное местечко,3.1,Столовая
Бухара,4.8,Восточная кухня | Доставка плова | Доставка восточной еды
Гости,2.0,Детский ресторан | Винный бар | Банкетный зал
Take two кофейня&бабл-ти,4.8,Бабл ти бар | Кофейня | Кофе на вынос
Сибирские блины,5.0,Блинная | Точка по продаже шаурмы | Паназиатская кухня
Втеме,2.4,Винный бар | Пиццерия | Банкетный зал
Суши мания,5.0,Паназиатская кухня | Суши-бар | Японская кухня
Синьор Суши,4.8,Паназиатская кухня | Суши-бар | Стейк-хаус
Coffee like,4.6,Бар молочных коктейлей | Кофейня | Кофе на вынос
Burger Club,3.5,Бар молочных коктейлей | Детский ресторан | Бургерная
Заверните!,4.8,Кондитерские изделия | Кондитерская | Кофе на вынос
Шаурма гриль,4.6,Точка по продаже шаурмы | Фастфуд | Кофе на вынос
Пицца. ру,4.3,Бар молочных коктейлей | Бабл ти бар | Детский ресторан
Сибирские блины,2.5,Блинная | Точка по продаже шаурмы | Фастфуд
Русские блины,5.0,Блинная | Фастфуд
Сибагро Гурмэ,4.5,Пельменная | Гриль-бар | Винный бар
А когда не кофе?,4.8,Кондитерские изделия | Кондитерская | Кофейня
Сибирские блины,5.0,Блинная | Точка по продаже шаурмы | Паназиатская кухня
Light,3.0,Бар | Танцпол | Караоке
Хуторок,3.6,Точка по продаже шаурмы | Восточная кухня | Детский ресторан
Торта,4.4,Кондитерские изделия | Кондитерская | Дог-френдли
Мир суши,3.0,Паназиатская кухня | Вегетарианская кухня | Кондитерская
Mindaйk coffee,4.5,Кофейня
Rocket Coffee,3.0,Бар молочных коктейлей | Детский ресторан | Фреш-бар
SBL,4.7,Кондитерские изделия | Фреш-бар | Кофейня
Сибирские блины,5.0,Блинная | Точка по продаже шаурмы | Паназиатская кухня
Chupito,3.0,Бар | Мексиканская кухня | Латиноамериканская кухня
Да Винчи,3.0,Банкетный зал | Кейтеринг | Доставка еды
Саша Варит,5.0,Кулинария | Столовая | Бизнес-ланч
Магнолия,4.0,Восточная кухня | Кофе на вынос
Безумно. Крутая шаурма,4.9,Точка по продаже шаурмы | Фастфуд
Безумно. Крутая шаурма,4.9,Точка по продаже шаурмы | Фастфуд
Н.Джой,5.0,Паназиатская кухня | Японская кухня | Американская кухня
Пицца. ру,4.4,Доставка еды
Doner Walk,4.5,Фастфуд
Столовая-бистро,5.0,Столовая
Автор,5.0,Кондитерская | Дог-френдли | Кофе на вынос
Алкополис Т,4.0,Круглосуточный бар | Винный бар | Рюмочная
Сибирские блины,5.0,Блинная | Точка по продаже шаурмы | Фастфуд
Японика,4.3,Паназиатская кухня | Японская кухня | Доставка азиатской кухни
Rocket Coffee,4.5,Бар молочных коктейлей | Детский ресторан | Фреш-бар
Вкусно — и точка,3.0,Кафе | Автокафе | Бар молочных коктейлей
Про суши,4.0,Паназиатская кухня | Японская кухня | Доставка азиатской кухни
Шашлык project,5.0,Точка по продаже шаурмы | Восточная кухня | Шашлычная
Кинцуги,4.7,Бабл ти бар | Детский ресторан | Паназиатская кухня
Fresh,2.8,Ресторан-пивоварня | Пельменная | Гриль-бар
Додо Пицца,4.2,Бар молочных коктейлей | Детский ресторан | Пиццерия
Take two кофе&вафли,4.5,Фастфуд | Кофе на вынос
Пицца. ру,4.4,Бар молочных коктейлей | Бабл ти бар | Панорамный ресторан
Шашлык на пятаке,5.0,Точка по продаже шаурмы | Шашлычная | Фастфуд
Окей суши,4.2,Паназиатская кухня | Японская кухня | Доставка азиатской кухни
Шашлычная на Комсомольском проспекте,5.0,Шашлычная | Кавказская кухня
Додо Пицца,5.0,Бар молочных коктейлей | Детский ресторан | Пиццерия
Буланже,4.0,Кафе | Кафе с бельгийскими вафлями | Бар молочных коктейлей
Ёлки Холл,5.0,Домашняя кухня | Детский ресторан | Семейный ресторан
Фреш Ролл,4.2,Паназиатская кухня | Суши-бар | Фастфуд
Еда тут,4.8,Фастфуд | Доставка хот-догов | Доставка фастфуда
Santa Monica,2.1,Кафе | Кафе с фалафелем | Детский ресторан
Шаурма гриль,4.5,Точка по продаже шаурмы | Фастфуд | Доставка еды
Бай казан,4.6,Восточная кухня | Шашлычная | Кавказская кухня
Мыльная опера,1.8,Семейный ресторан | Винный бар | Банкетный зал
Шашлыкоff,2.5,Кафе | Кафе с бельгийскими вафлями | Банкетный зал для корпоратива
Мы же на ты,2.7,Ресторан-пивоварня | Винный бар | Панорамный ресторан
Йохан пивохан,2.7,Ресторан-пивоварня | Гриль-бар | Винный бар
Азиатский дворик,4.7,Лапшичная | Чебуречная | Детский ресторан
Пешком постою,2.0,Восточная кухня | Хинкальная | Гриль-бар
Суши мания,5.0,Паназиатская кухня | Суши-бар | Японская кухня
Самый лучший день,4.3,Банкетный зал на Новый год | Банкетный зал для корпоратива
Прожарка,4.5,Точка по продаже шаурмы | Бургерная | Фастфуд
Don macaron,4.7,Кондитерские изделия | Кондитерская
Прожарка,4.5,Точка по продаже шаурмы | Фастфуд | Доставка хот-догов
Шаурмания,4.0,Точка по продаже шаурмы | Фастфуд | Доставка горячих блюд
Milk,4.0,Бар молочных коктейлей | Кофейня | Дог-френдли
Ива,5.0,Гриль-бар | Шашлычная | Кавказская кухня
Томичка,3.5,Шашлычная | Кавказская кухня | Банкетный зал
Дебют,3.0,Столовая | Банкетный зал | Кофе на вынос
Yoki Toki,3.8,Лапшичная | Паназиатская кухня | Тайская кухня
Барин,4.3,Бабл ти бар | Гриль-бар | Винный бар
Mindaйk coffee,4.7,Бар молочных коктейлей | Бабл ти бар | Кофейня
Milk,4.7,Кофейня
Quua,3.6,Бар молочных коктейлей | Бабл ти бар | Кофе на вынос
Сибирские блины,4.0,Блинная | Точка по продаже шаурмы | Паназиатская кухня
У Сильвера,3.0,Гриль-бар | Винный бар | Шашлычная
Торта,5.0,Паназиатская кухня | Кондитерские изделия | Кондитерская
Zerna,4.7,Пекарня | Кондитерские изделия | Кондитерская
Рубин,2.0,Банкетный зал на 70 человек | Банкетный зал на 60 человек
Драничная,4.7,Фастфуд | Дог-френдли
Станция 9/1,4.7,Пиццерия | Фастфуд | Итальянская кухня
Точка,4.5,Бар молочных коктейлей | Детский ресторан | Бургерная
Снегири,4.0,Детский ресторан | Гриль-бар | Винный бар
Итали,2.0,Детский ресторан | Паназиатская кухня | Гриль-бар
Разгуляй,5.0,Пельменная | Винный бар | Банкетный зал
Кофеvарка,4.0,Бар молочных коктейлей | Кофе на вынос
Элит,5.0,
Марсель,2.6,Банкетный зал | Европейская кухня | Кейтеринг
Милана,2.8,Банкетный зал | Парковка | Wi-Fi
Сибирские блины,4.0,Блинная | Точка по продаже шаурмы | Паназиатская кухня
Picanto,2.0,Детский ресторан | Паназиатская кухня | Винный бар
У Крюгера,2.5,Ресторан-пивоварня | Детский ресторан | Гриль-бар
Доставка sushi Томск,3.0,Паназиатская кухня | Японская кухня | Доставка азиатской кухни
Безумно. Крутая шаурма,4.7,Точка по продаже шаурмы | Детский ресторан | Фастфуд
Южные ворота,3.8,Бар молочных коктейлей | Панорамный ресторан | Пиццерия
Jawsspot,4.0,Спортбар | Пивной ресторан | Бар
Точка кофе,5.0,Кофе на вынос
ЕлиДаЕли,4.3,Круглосуточная пиццерия | Фастфуд круглосуточно
Компот и к,4.0,Столовая | Кофе на вынос
Black Bubble Coffee,5.0,Бар молочных коктейлей | Бабл ти бар | Кофе на вынос
Старая усадьба,2.8,Банкетный зал
Гиро,5.0,Кафе | Кафе с гиросом | Греческая кухня
Complimento!,5.0,Кафе | Кафе с бельгийскими вафлями | Паназиатская кухня
Poly bistro,4.0,Детский ресторан | Паназиатская кухня | Гриль-бар
ЧебурекМи,4.3,Чебуречная | Восточная кухня | Фастфуд
Сибирские блины,5.0,Паназиатская кухня | Фастфуд | Бар
Baba Roma,3.8,Пекарня | Кондитерские изделия | Кондитерская
Кафе восточной кухни в переулке Нахимова,5.0,Восточная кухня | Пельменная | Пиццерия
Прожарка,4.3,Точка по продаже шаурмы | Гриль-бар | Шашлычная
Барин,4.2,Банкетный зал на Новый год | Банкетный зал для корпоратива
Фишка Суши,4.5,Паназиатская кухня | Панорамный ресторан | Суши-бар
Сибирские блины,2.0,Блинная | Точка по продаже шаурмы | Фастфуд
Сибирские блины,5.0,Блинная | Точка по продаже шаурмы | Фастфуд
Gelateria Italiana,2.5,Итальянская кухня | Европейская кухня | Доставка еды
Чико,3.3,Бабл ти бар | Паназиатская кухня
Окно,3.2,Паназиатская кухня | Гриль-бар | Винный бар
Doner master,4.5,Круглосуточная пиццерия | Фастфуд круглосуточно | Точка по продаже шаурмы
Дело в креме,3.6,Кондитерские изделия | Кондитерская | Кофе на вынос
Baba Roma,3.6,Бар молочных коктейлей | Кулинария | Кондитерские изделия
Рис,4.3,Паназиатская кухня | Японская кухня | Доставка азиатской кухни
Безумно. Крутая шаурма,3.3,Точка по продаже шаурмы | Фастфуд
Согдиана,4.0,Кофе на вынос
Антрекот,3.0,Бар молочных коктейлей | Гриль-бар | Винный бар
Укромное местечко,4.8,Столовая
Тантуни,2.0,Кафе | Кафе с гиросом
Полная чаша,2.0,Восточная кухня | Детский ресторан | Гриль-бар
Гриль №1,4.3,Точка по продаже шаурмы | Детский ресторан
Детки и предки,3.7,
Сыроварня,2.0,Восточная кухня | Детский ресторан | Пельменная
AvaloN,5.0,Банкетный зал | Кейтеринг
Gelato Popio,1.5,Кафе-мороженое
Ош,2.5,Восточная кухня | Шашлычная | Банкетный зал
Шаурма 24,5.0,Кавказская кухня | Фастфуд
Кавказский шашлык,4.7,Точка по продаже шаурмы | Восточная кухня | Шашлычная
Ешь Суши,3.5,Паназиатская кухня | Суши-бар | Японская кухня
Кофейня point,5.0,Кофе на вынос
Суши мастер,2.5,Паназиатская кухня | Японская кухня | Доставка азиатской кухни
Грузия и Вино,3.5,Кафе | Восточная кухня
Пряникъ,5.0,Детский ресторан | Гриль-бар | Панорамный ресторан
Мэйк лав пицца,3.8,Кафе | Кафе с фалафелем | Кафе с бельгийскими вафлями
Бууза,4.0,Чебуречная | Фастфуд | Доставка азиатской кухни
Жар свежар,4.0,Восточная кухня | Паназиатская кухня | Бургерная
Sushi Town,5.0,Паназиатская кухня | Японская кухня | Доставка азиатской кухни
Суши бинго,3.7,Паназиатская кухня | Японская кухня | Доставка азиатской кухни
Dealers,2.0,Пивной ресторан | Бар | Дог-френдли
Doner Time,4.8,Кафе | Точка по продаже шаурмы
Сибирское бистро,3.0,Блинная | Пельменная | Бургерная
Buddy,5.0,Кафе | Кафе с бельгийскими вафлями | Бар молочных коктейлей
Уют,4.5,Точка по продаже шаурмы | Восточная кухня | Фастфуд
Майами суши,5.0,Паназиатская кухня | Японская кухня | Доставка азиатской кухни
Суши Уме,5.0,Паназиатская кухня | Суши-бар | Японская кухня
Custom,5.0,Крафтовый бар | Бар | Танцпол
ШаурЛенд,5.0,Точка по продаже шаурмы | Шашлычная | Фастфуд
ХинКали-GaлИ,4.7,Кафе | Хинкальная
Та самая шаурма,4.5,Точка по продаже шаурмы | Восточная кухня | Шашлычная
Bonito,5.0,Паназиатская кухня | Фреш-бар | Суши-бар
Антонов двор,1.7,Кафе | Кафе с бельгийскими вафлями | Восточная кухня
Харбин,5.0,Паназиатская кухня | Китайская кухня
Супкультура,1.5,Кафе | Кафе с фалафелем | Точка по продаже шаурмы
Суши Море,4.5,Паназиатская кухня | Суши-бар | Фастфуд
Убойная Фобойная,4.0,Лапшичная | Фастфуд | Авторская кухня
Сибирские блины,3.0,Блинная | Точка по продаже шаурмы | Фастфуд
Glogg,2.0,Кафе | Кафе с бельгийскими вафлями | Детский ресторан
Сибирские блины,3.0,Блинная | Точка по продаже шаурмы | Фастфуд
Столовая на Бердской улице,5.0,Столовая
Колобок. Ру,4.0,Пельменная | Столовая | Банкетный зал
Subway,5.0,Кафе | Автокафе | Детский ресторан
Союз,4.5,Столовая | Кофе на вынос
Сибирские блины,3.4,Блинная | Фастфуд | Кофе на вынос
Baba Roma,3.3,Бар молочных коктейлей | Кондитерские изделия | Кондитерская
Сказка,2.7,Круглосуточный ресторан | Пельменная | Кофе на вынос
Файз,5.0,Восточная кухня | Шашлычная | Банкетный зал
Paradox coffee,5.0,Кофейня
Высоко-Высоко,4.0,Детский ресторан | Хинкальная | Кавказская кухня
Тесто,4.0,Пекарня | Кондитерские изделия | Кондитерская
Астория,5.0,Столовая | Кофе на вынос
İstanbul,3.1,Восточная кухня | Пельменная | Винный бар
South spot,2.2,Крафтовый бар | Спортбар | Бар
Bosfor,5.0,Точка по продаже шаурмы | Фастфуд | Терраса
Виктория С,2.0,Пекарня | Кофе на вынос
Безумно. Крутая шаурма,3.0,Фастфуд круглосуточно | Точка по продаже шаурмы | Детский ресторан
Тики-Така,4.5,Кофейня
Starbooks,4.0,Пиццерия | Фастфуд | Кофейня
Бакинский дворик,5.0,Банкетный зал
ФуршеТочка,5.0,Домашняя кухня | Кулинария | Кондитерские изделия
Vasabi24,4.0,Паназиатская кухня | Суши-бар | Японская кухня
Елань,4.5,Гриль-бар | Винный бар | Стейк-хаус
Палуба,1.7,Гриль-бар | Винный бар | Шашлычная
Doner master,2.0,Фастфуд круглосуточно | Точка по продаже шаурмы | Восточная кухня
Ван Куан,4.5,Лапшичная | Паназиатская кухня | Тайская кухня
Жарим сочно,5.0,Шашлычная | Фастфуд | Доставка еды
Тесто,4.0,Пекарня | Кондитерские изделия | Кондитерская
Угли и специи,5.0,Точка по продаже шаурмы | Восточная кухня | Гриль-бар
Fire Doner,4.5,Точка по продаже шаурмы | Фастфуд | Доставка фастфуда
BurgerLux,5.0,Пельменная | Шашлычная | Бургерная
К папе на`pizza,2.7,Кафе | Кафе с бельгийскими вафлями | Паназиатская кухня
Мегаполис,3.0,Кулинария | Кофе на вынос
Академик,5.0,Восточная кухня | Пиццерия | Фастфуд
Русская кухня,4.7,Столовая | Банкетный зал | Кофе на вынос
П-Пепперони,3.7,Пиццерия | Фастфуд | Доставка хот-догов
Винегрет,2.5,Столовая
Лес Чудес,2.2,Восточная кухня | Паназиатская кухня | Гриль-бар
Вкусная еда,5.0,Чебуречная | Восточная кухня | Пельменная
Жар свежар,2.5,Восточная кухня | Пекарня | Кавказская кухня
Союз,4.7,Пельменная | Столовая | Банкетный зал
Шашлычная на площади Ленина,4.5,Гриль-бар | Шашлычная | Фастфуд
Пиццерия на Комсомольском проспекте,5.0,Пиццерия | Фастфуд | Итальянская кухня
Ош,4.0,Восточная кухня | Шашлычная | Банкетный зал
Сдоба,4.3,Пекарня
Русская кухня,4.0,Столовая | Банкетный зал | Кофе на вынос
Black Matter,5.0,Бар молочных коктейлей | Панорамный ресторан | Пиццерия
Ташкент,4.3,Восточная кухня | Шашлычная | Банкетный зал
Wild coffee,3.0,Кофейня | Кофе на вынос
Уголёк,5.0,Винный бар | Панорамный ресторан | Стейк-хаус
Hansen bar,4.3,Спортбар | Бар | Дог-френдли
DaLi,4.5,Банкетный зал | Кейтеринг | Шведский стол
У фонтана,5.0,Точка по продаже шаурмы | Восточная кухня | Пельменная
А мы тут плюшками балуемся,2.0,Бар молочных коктейлей | Детский ресторан | Винный бар
Слово Плову,4.0,Восточная кухня | Фастфуд | Узбекская кухня
Lit-шаурма,4.7,Точка по продаже шаурмы | Фастфуд
Jeans cafe,4.0,Бар молочных коктейлей | Кондитерская | Кофейня
Гараж,4.7,Банкетный зал | Спортбар | Бар
Zerna,5.0,Пекарня | Кондитерские изделия | Кофе на вынос
Awesome coffee,4.3,Кофейня | Кофе на вынос
Едет кофе,4.7,Бар молочных коктейлей | Кофе на вынос
Кабинет Редкостей,5.0,Бар
Кафе Дом ученых ТНЦ СО РАН,2.0,Детский ресторан | Пельменная | Гриль-бар
Чародей,5.0,Банкетный зал | Бар | Европейская кухня
Японский домик,3.0,Паназиатская кухня | Суши-бар | Фастфуд
PanAsia,4.0,Бар молочных коктейлей | Точка по продаже шаурмы | Паназиатская кухня
Mochi house,2.0,Кондитерские изделия | Кондитерская | Доставка еды
МЯСОROOB,4.0,Точка по продаже шаурмы | Гриль-бар | Бургерная
ПхиПхи,2.9,Детский ресторан | Паназиатская кухня | Гриль-бар
Смак тайм,5.0,Бар молочных коктейлей | Пиццерия | Фастфуд
Starbooks,4.3,Пиццерия | Фастфуд | Кофейня
Форсаж,4.0,Банкетный зал | Дог-френдли
Русь,5.0,Восточная кухня | Шашлычная | Стейк-хаус
Лампочка,3.8,Доставка еды
Суши WOK,4.0,Паназиатская кухня | Фастфуд | Бар
Лесная сказка,5.0,Доставка кавказской еды | Доставка шашлыков | Доставка горячих блюд
Джезва. Кофе на песке,2.9,Точка по продаже шаурмы | Восточная кухня | Пельменная
Колобок.Ру,4.0,Столовая | Банкетный зал | Кофе на вынос
Сибирские блины,2.0,Блинная | Точка по продаже шаурмы | Паназиатская кухня
Киоск фастфуда,4.3,Точка по продаже шаурмы | Шашлычная | Фастфуд
Антонов двор,2.0,Восточная кухня | Кондитерские изделия | Кавказская кухня
Хинкали хо,3.3,Кафе | Восточная кухня
Национальный исследовательский Томский государственный университет,3.0,Точка по продаже шаурмы | Восточная кухня | Паназиатская кухня
Седая ночь,4.3,Банкетный зал
Томский базовый медицинский колледж,4.0,Столовая | Банкетный зал | Кофе на вынос
Juantxo,4.0,Кафе | Кафе с фалафелем | Винный бар
Царь Рыба,4.0,Вегетарианская кухня | Европейская кухня | Доставка еды
SushiMi,5.0,Паназиатская кухня | Японская кухня | Доставка азиатской кухни
Пекарня,4.0,Пекарня | Фастфуд
№22,5.0,Столовая | Банкетный зал | Кофе на вынос
Кафе домашней кухни на Комсомольском проспекте,2.7,Восточная кухня | Пельменная | Кулинария
Томичка,4.0,Столовая | Банкетный зал | Бизнес-ланч
Doner Walk,5.0,Точка по продаже шаурмы | Фастфуд | Авторская кухня
Rostic`s,2.4,Бар молочных коктейлей | Бургерная | Фастфуд
Торо Торо,4.5,Паназиатская кухня | Японская кухня | Доставка азиатской кухни
Doner master,5.0,Фастфуд круглосуточно | Точка по продаже шаурмы | Фастфуд
Мини-микс,3.0,Фастфуд | Кофе на вынос
Farfor,4.0,Паназиатская кухня | Японская кухня | Доставка азиатской кухни
Gussi Coffee,3.0,Кофейня
Арарат,1.8,Круглосуточный ресторан | Восточная кухня | Гриль-бар
Уютный уголок,5.0,Столовая | Банкетный зал
Йохан пивохан,1.7,Ресторан-пивоварня | Гриль-бар | Стейк-хаус
Кофе в Арке,4.0,Кофе на вынос
Kraft Roll,4.3,Паназиатская кухня | Суши-бар | Фастфуд
Шавуху Хочу,3.7,Кафе | Кафе с фалафелем | Точка по продаже шаурмы
Хлеббери,4.5,Пекарня | Кондитерские изделия | Кондитерская
Заварка,5.0,
Юпитер,4.3,Кофейня | Бизнес-ланч
Ватан,4.3,Восточная кухня | Детский ресторан | Гриль-бар
Fакел,3.0,Греческая кухня | Панорамный ресторан | Банкетный зал
Великолепный век,4.0,Восточная кухня | Гриль-бар | Шашлычная
Чишмя,5.0,Банкетный зал
Старый город,5.0,
Соляночка,4.3,Столовая | Банкетный зал | Доставка салатов
Сибмарк,2.9,Кондитерские изделия | Кондитерская
Аппетит,4.5,Пекарня | Кулинария | Кондитерские изделия
Пирога,4.0,Пекарня | Кондитерские изделия | Кавказская кухня
Бакари,5.0,Паназиатская кухня | Суши-бар | Японская кухня
Пять Звёзд,4.3,Точка по продаже шаурмы | Фастфуд | Дог-френдли
ЧебурекМи,4.0,Домашняя кухня | Чебуречная | Восточная кухня
Синий утёс,5.0,Детский ресторан | Пельменная | Винный бар
Nirvana,5.0,Банкетный зал | Пивной ресторан | Бар
Kraft Roll,4.0,Паназиатская кухня | Суши-бар | Фастфуд
Сибирские блины,2.0,Блинная | Точка по продаже шаурмы | Фастфуд
Очаг,5.0,Фастфуд круглосуточно | Точка по продаже шаурмы | Круглосуточный ресторан
На Цветаевой,5.0,Столовая | Кавказская кухня | Банкетный зал
Додо Пицца,4.3,Бар молочных коктейлей | Детский ресторан | Пиццерия
Хруст Багета,4.0,Пекарня | Кофе на вынос
Pro100вкусно,5.0,Паназиатская кухня | Японская кухня | Доставка азиатской кухни
"Medium, please!",2.6,Восточная кухня | Детский ресторан | Гриль-бар
Moments,4.0,Бар молочных коктейлей | Кофейня | Дог-френдли
Фьюжн-Градъ,2.0,Кулинария | Кейтеринг | Доставка еды
Семейное кафе,5.0,Восточная кухня | Семейный ресторан | Фастфуд
Есть вкусно,5.0,Фастфуд | Кофе на вынос
Paradox coffee,2.0,Бар молочных коктейлей | Кофейня | Дог-френдли
Чехия,2.3,Детский ресторан | Пекарня | Банкетный зал
Сушисто,2.7,Паназиатская кухня | Японская кухня | Доставка азиатской кухни
TomYumBar,4.0,Детский ресторан | Паназиатская кухня
Сенная курья,3.0,Гриль-бар | Шашлычная | Кофе на вынос
Союз,3.0,Чебуречная | Хинкальная | Гриль-бар
Хруст Багета,4.0,Пекарня | Кофе на вынос
Хруст Багета,4.0,Пекарня | Кофе на вынос
Томкейк,3.0,Кондитерские изделия | Кондитерская
Строганина,4.0,Банкетный зал для дня рождения | Банкетный зал для свадьбы | Пельменная
Русские блины,2.0,Фастфуд
Ezh coffee,3.5,Кофе на вынос
Max buuza,3.5,Домашняя кухня | Чебуречная | Фастфуд
Магия вкуса,5.0,Точка по продаже шаурмы | Чебуречная | Кондитерские изделия
Прожарка,5.0,Точка по продаже шаурмы | Гриль-бар | Бургерная
Велемир,5.0,Восточная кухня | Гриль-бар | Шашлычная
Baba Roma,5.0,Бар молочных коктейлей | Пекарня | Кулинария
Август,3.3,Банкетный зал | Wi-Fi
Bonito,3.5,Паназиатская кухня | Фреш-бар | Суши-бар
Хруст Багета,4.0,Пекарня | Кофе на вынос
Вкусно как дома,2.5,Кулинария | Доставка горячих блюд | Доставка салатов
Особняк,4.5,Винный бар | Кальянная | Бар
Сибирь,4.0,Детский ресторан | Пельменная | Гриль-бар
Мегаполис,1.5,Столовая | Банкетный зал | Кофе на вынос
Black grill,5.0,Фастфуд | Доставка еды | Дог-френдли
Сдоба,4.0,Пекарня | Фастфуд | Кофе на вынос
Настроение,4.5,Винный бар | Бар | Танцпол
Take two,5.0,Бар молочных коктейлей | Кофе на вынос
Панда,2.3,Детский ресторан | Семейный ресторан | Паназиатская кухня
Кофе Рама,5.0,Бар молочных коктейлей | Фреш-бар | Кофе на вынос
Panda Jui,3.5,Бабл ти бар | Паназиатская кухня | Пельменная
Coffee like,3.5,Бар молочных коктейлей | Кофейня | Кофе на вынос
Грузинская пекарня,3.7,Пекарня
Северский самовар,2.2,Банкетный зал
Мясной бульвар,5.0,Точка по продаже шаурмы | Восточная кухня | Шашлычная
Прожарка,3.0,Точка по продаже шаурмы | Гриль-бар | Шашлычная
Сибирские блины,3.0,Блинная | Точка по продаже шаурмы | Фастфуд
Бакенбар,2.1,Ресторан-пивоварня | Детский ресторан | Паназиатская кухня
Baba roma,3.5,Бар молочных коктейлей | Пекарня | Кулинария
Скалка,2.5,Домашняя кухня | Чебуречная | Детский ресторан
Baba Roma,5.0,Бар молочных коктейлей | Пекарня | Кулинария
Hall,1.5,Банкетный зал | Пивной ресторан | Бар
Doner master,5.0,Фастфуд круглосуточно | Точка по продаже шаурмы | Фастфуд
Tacos&tequila by el mucho,3.7,Фастфуд | Бар | Мексиканская кухня
Не Maybe bar,3.7,Бар
ЧебурекМи,2.5,Домашняя кухня | Чебуречная | Восточная кухня
Южани с огоньком,5.0,Восточная кухня | Хинкальная | Гриль-бар
Царь,5.0,Паназиатская кухня | Японская кухня | Доставка азиатской кухни
Ро,4.0,Паназиатская кухня | Японская кухня | Доставка азиатской кухни
Кафе восточной кухни на Учебной улице,2.0,Восточная кухня | Банкетный зал | Кофе на вынос
Столовая на Татарской улице,4.0,Столовая | Кофе на вынос
Шаурма house,4.5,Точка по продаже шаурмы | Фастфуд | Кофе на вынос
Doner master,4.0,Точка по продаже шаурмы | Фастфуд | Доставка еды
Градусы,5.0,Паназиатская кухня | Гриль-бар | Бургерная
Doner master,4.0,Фастфуд круглосуточно | Точка по продаже шаурмы | Фастфуд
Хачапури Марико,5.0,Кафе | Чебуречная
Вкусно — и точка,3.5,Бар молочных коктейлей | Детский ресторан | Бургерная
Император,2.3,Паназиатская кухня | Японская кухня | Доставка азиатской кухни
Coffee like,4.0,Кофейня | Кофе на вынос
Торта,5.0,Кондитерские изделия | Кондитерская | Дог-френдли
Ёлка,3.0,Бар молочных коктейлей | Бабл ти бар | Круглосуточная кофейня
У Дили,4.5,Точка по продаже шаурмы | Восточная кухня | Фастфуд
Ori,5.0,Доставка плова | Доставка кавказской еды | Доставка итальянской еды
Rostic`s,5.0,Фастфуд круглосуточно | Бар молочных коктейлей | Круглосуточный ресторан
Сибирское изобилие,4.0,Столовая | Банкетный зал | Доставка горячих блюд
Суши мания,4.0,Паназиатская кухня | Суши-бар | Японская кухня
Baba Roma,5.0,Пекарня | Кондитерские изделия | Кофе на вынос
ВилкамNet,5.0,Точка по продаже шаурмы | Фастфуд
Madam Сhoco,5.0,Пекарня | Кондитерские изделия | Кондитерская
Наша пекарня,3.3,Пекарня | Кофе на вынос
Pro Yagodu,5.0,Фастфуд
Max grill,5.0,Точка по продаже шаурмы | Фастфуд | Доставка фастфуда
Тики-Така,5.0,Бар молочных коктейлей | Кофейня | Кофе на вынос
Шашлычная на проспекте Ленина,4.0,Восточная кухня | Шашлычная | Фастфуд
Пекарня на Академическом проспекте,4.5,Пекарня
Пикколо Диаболо,5.0,Пиццерия | Фастфуд | Итальянская кухня
Кофеvарка,5.0,Бар молочных коктейлей | Кофейня | Кофе на вынос
Узбекистон,3.0,Чебуречная | Восточная кухня | Хинкальная
Каркас,2.5,Винный бар | Банкетный зал | Пивной ресторан
Фреш Ролл,5.0,Паназиатская кухня | Фреш-бар | Суши-бар
Безумно. Крутая шаурма,2.3,Фастфуд круглосуточно | Точка по продаже шаурмы | Фастфуд
Pumpkin,3.5,Кондитерские изделия | Кондитерская | Кофейня
Сибирское бистро,5.0,Бар молочных коктейлей | Точка по продаже шаурмы | Чебуречная
Баракат,3.0,Точка по продаже шаурмы | Восточная кухня | Шашлычная
Микс,5.0,Точка по продаже шаурмы | Восточная кухня | Банкетный зал
Шаурма гриль,5.0,Точка по продаже шаурмы | Фастфуд | Доставка еды
Сампо,5.0,Пекарня | Кулинария | Пиццерия
Фреш Ролл,5.0,Паназиатская кухня | Фастфуд | Японская кухня
№6,2.8,Столовая | Банкетный зал | Доставка кавказской еды
Безумно. Крутая шаурма,2.5,Фастфуд круглосуточно | Точка по продаже шаурмы | Фастфуд
На глубине 1604,4.0,Паназиатская кухня | Японская кухня | Доставка азиатской кухни
Как дома,2.3,Детский ресторан | Столовая | Банкетный зал
Lit Шаурма,4.0,Шашлычная | Фастфуд
Gangster`s Sushi,2.3,Паназиатская кухня | Вегетарианская кухня | Пивной ресторан
Яблочная,4.0,Столовая | Кофе на вынос
Chouchou,5.0,Пекарня | Кондитерские изделия | Кондитерская
Сибирские блины,4.0,Блинная | Точка по продаже шаурмы | Фастфуд
Kraft Roll,5.0,Паназиатская кухня | Суши-бар | Фастфуд
Хлебно,3.3,Пекарня | Кофе на вынос
Суши от Ксюши,5.0,Паназиатская кухня | Японская кухня | Доставка азиатской кухни
Чудо-печь,3.0,Банкетный зал для поминок | Столовая | Банкетный зал
Мир суши,3.5,Паназиатская кухня | Вегетарианская кухня | Кондитерская
Шеф,5.0,Паназиатская кухня | Японская кухня | Доставка азиатской кухни
Дуона,5.0,Пекарня | Кондитерские изделия | Кофе на вынос
Мини-шеф,4.0,Детский ресторан | Бургерная | Пиццерия
Сибирские блины,3.2,Блинная | Фастфуд
Бахарат,4.0,Точка по продаже шаурмы | Восточная кухня | Фастфуд
Кофе точка,3.0,Кофе на вынос
Суши кот,2.5,Паназиатская кухня | Японская кухня | Доставка азиатской кухни
Прожарка,2.5,Точка по продаже шаурмы | Бургерная | Фастфуд
Lit шаурма,3.3,Точка по продаже шаурмы | Фастфуд | Доставка фастфуда
Sun bar,4.0,Бар молочных коктейлей | Фреш-бар
Суши70,5.0,Круглосуточный ресторан | Паназиатская кухня | Японская кухня
Baton bakery & cafe,2.6,Кулинария | Кондитерские изделия | Кондитерская
Sushi Balls,4.0,Паназиатская кухня | Японская кухня | Доставка азиатской кухни
Эгнар,5.0,Точка по продаже шаурмы | Шашлычная | Фастфуд
Безумно. Крутая шаурма,4.0,Точка по продаже шаурмы | Фастфуд
Глобус,5.0,Банкетный зал | Доставка горячих блюд | Доставка салатов
Космонавт,3.0,Банкетный зал
Осьминог,3.3,Точка по продаже шаурмы | Паназиатская кухня | Фастфуд
Max buuza,4.0,Домашняя кухня | Чебуречная | Фастфуд
Август,3.3,Банкетный зал | Европейская кухня | Бизнес-ланч
Наша пекарня,3.0,Пекарня
СловоПлову,5.0,Точка по продаже шаурмы | Чебуречная | Восточная кухня
Турецкая шаурма №1,4.0,Фастфуд круглосуточно | Точка по продаже шаурмы | Фастфуд
Машенькины пироги,4.0,Доставка пирогов | Доставка еды
Gold Fish,4.0,Паназиатская кухня | Японская кухня | Доставка азиатской кухни
Сибирские блины,2.5,Блинная | Точка по продаже шаурмы | Фастфуд
Шенк,4.5,Паназиатская кухня | Японская кухня | Доставка азиатской кухни
SushiShark,5.0,Паназиатская кухня | Японская кухня | Доставка азиатской кухни
Суши wok,5.0,Детский ресторан | Паназиатская кухня | Суши-бар
Мидийная,4.0,Точка по продаже шаурмы | Рыбный ресторан
Вкус есть,2.5,Пиццерия | Фастфуд | Дог-френдли
V Nori,3.0,Паназиатская кухня | Японская кухня | Доставка азиатской кухни
Мойё кофе,5.0,Кофе на вынос
Донна Роза,5.0,Кондитерские изделия | Кондитерская
Золотой шампур,4.0,Восточная кухня | Шашлычная | Фастфуд
Rostic`s,5.0,Бар молочных коктейлей | Бургерная | Фастфуд
Фреш Ролл,5.0,Паназиатская кухня | Фреш-бар | Суши-бар
Rocket Coffee,4.0,Бар молочных коктейлей | Фреш-бар | Кофейня
Тамнушки,5.0,Пекарня
Milk,4.0,Кофейня
Белое озеро,3.0,Банкетный зал
Inna-bakery,4.0,Кондитерские изделия | Кондитерская | Торты на заказ
Вкусная точка,4.0,Точка по продаже шаурмы | Паназиатская кухня | Пиццерия
Большой Ребровски,5.0,Гриль-бар | Бургерная | Фастфуд
Маяк-77,5.0,
Rostic`s,2.4,Бар молочных коктейлей | Бургерная | Фастфуд
Бухара,4.0,Восточная кухня | Гриль-бар | Шашлычная
Пряный Тимьян,5.0,Винный бар | Кондитерские изделия | Стейк-хаус
Baba Roma,4.0,Бар молочных коктейлей | Пекарня | Кулинария
Джон голт,5.0,Кальянная | Кальян | Терраса
Суши мастер,2.5,Паназиатская кухня | Японская кухня | Доставка азиатской кухни
Хинкали-Дали,3.0,Кафе | Хинкальная
Со вкусом Парад Парк,2.0,Банкетный зал | Европейская кухня | Кейтеринг
Highlight Bar,4.0,Паназиатская кухня | Гриль-бар | Винный бар
Apels,4.0,Бар молочных коктейлей | Фреш-бар
Фундук,4.0,Восточная кухня | Детский ресторан | Пельменная
Elite парк,5.0,Гриль-бар | Шашлычная | Кавказская кухня
№1,4.0,Пекарня | Кофе на вынос
Мир суши,4.0,Паназиатская кухня | Вегетарианская кухня | Кондитерская
Тук-тук,3.0,Паназиатская кухня | Японская кухня | Доставка азиатской кухни
Чебурек №1,4.0,Чебуречная | Восточная кухня | Фастфуд
Black fish,4.0,Детский ресторан | Паназиатская кухня | Суши-бар
Ош,5.0,Восточная кухня | Шашлычная | Банкетный зал
Craft,4.0,Ресторан-пивоварня | Паназиатская кухня | Пельменная
Fire Doner,5.0,Точка по продаже шаурмы | Гриль-бар | Фастфуд
Наша пекарня,3.0,Пекарня | Кофе на вынос
Бууза,4.0,Доставка еды
П-Пепперони,4.0,Пиццерия | Фастфуд | Итальянская кухня
Prosto barista,3.0,
Мир суши,2.3,Паназиатская кухня | Вегетарианская кухня | Кондитерская
33 пингвина,4.0,Кафе | Кафе с бельгийскими вафлями | Бар молочных коктейлей
Пробууза,4.0,Паназиатская кухня | Суши-бар | Японская кухня
Звездный,4.0,Круглосуточный бар | Бар
Сидрерия,4.0,Ресторан-пивоварня | Пивной ресторан | Бар
Лука не жаль,2.8,Точка по продаже шаурмы | Восточная кухня | Шашлычная
Булочная на проспекте Кирова,3.0,Пекарня | Кофе на вынос
Hohoro coffee,5.0,Кофе на вынос
Тайга и Светлана,4.0,Банкетный зал
Doner master,4.0,Точка по продаже шаурмы | Фастфуд | Доставка еды
Элит ролл,4.0,Фастфуд
Хлебно,3.3,Пекарня | Кофе на вынос
Купец,2.0,Банкетный зал | Европейская кухня | Постное меню
ЗдесьВамНеТам,1.5,Детский ресторан | Паназиатская кухня | Гриль-бар
Корочка,3.0,Пекарня
Ростовская шаурма,3.0,Фастфуд круглосуточно | Точка по продаже шаурмы | Фастфуд
Maya Pizza,5.0,Пиццерия | Фастфуд | Итальянская кухня
Хлебно,3.3,Пекарня | Кофе на вынос
Хлебно,3.3,Пекарня | Кофе на вынос
Шаверма,3.5,Точка по продаже шаурмы | Гриль-бар | Фастфуд
Северский самовар,5.0,Столовая | Банкетный зал | Кофе на вынос
Край,5.0,Кофе на вынос
Лисичкин хлеб,3.5,Пекарня | Кофе на вынос
Beerfolio,3.0,Ресторан-пивоварня | Банкетный зал | Спортбар
1902,3.5,Гриль-бар | Винный бар | Стейк-хаус
Doner master,3.0,Точка по продаже шаурмы | Фастфуд | Доставка фастфуда
Sunrise sushi,5.0,Паназиатская кухня | Японская кухня | Доставка азиатской кухни
ShaurDonar`s,4.0,Кафе | Кафе с гиросом | Точка по продаже шаурмы
Едет кофе,5.0,Кофе на вынос
Форте-пьяно,2.7,Ресторан-пивоварня | Банкетный зал | Пивной ресторан
Дыхание вока,2.0,Паназиатская кухня | Фастфуд | Тайская кухня
Фреш Ролл,3.0,Паназиатская кухня | Фреш-бар | Суши-бар
Шампур,3.5,Круглосуточный ресторан | Хинкальная | Шашлычная
Территория Кофе,4.0,Бар молочных коктейлей | Фреш-бар | Кофейня
Hot Dogs,5.0,Фастфуд | Доставка хот-догов | Доставка фастфуда
Японика,5.0,Паназиатская кухня | Суши-бар | Японская кухня
Doner Walk,2.0,Точка по продаже шаурмы | Фастфуд | Дог-френдли
Rostic`s,5.0,Бар молочных коктейлей | Бургерная
Шашлычок,2.7,Шашлычная | Фастфуд
Бургер,5.0,Бургерная | Фастфуд | Доставка хот-догов
Суши мастер,2.5,Паназиатская кухня | Японская кухня | Доставка азиатской кухни
Bubble Tea,5.0,Бабл ти бар
Жарим&Варим,3.5,Столовая | Доставка кавказской еды | Доставка шашлыков
Черная акула,5.0,Доставка азиатской кухни | Доставка суши | Доставка еды
Кафе-столовая,5.0,Столовая | Бизнес-ланч
Армянский лаваш,5.0,Пекарня
Ёбидоёби,4.0,Паназиатская кухня | Японская кухня | Доставка азиатской кухни
Dolce. tort,3.0,Кондитерские изделия | Кондитерская | Кофе на вынос
Дыхание вока,3.0,Паназиатская кухня | Китайская кухня | Доставка еды
Ош,5.0,Круглосуточный ресторан | Восточная кухня | Шашлычная
Суши мания,4.0,Паназиатская кухня | Суши-бар | Японская кухня
Пекин,2.5,Паназиатская кухня | Пельменная | Китайская кухня
Я Трюфель,5.0,Кондитерские изделия
ФаСоль,5.0,Гриль-бар | Винный бар | Банкетный зал
Смарт фуд формат,4.0,Доставка горячих блюд | Доставка салатов | Доставка супов
№1,2.7,Столовая | Кофе на вынос
Кафе-столовая,2.0,Восточная кухня | Столовая | Фастфуд
Русский Аппетит,4.0,Фастфуд круглосуточно | Фастфуд | Доставка хот-догов
Lit-шаурма,4.0,Точка по продаже шаурмы | Шашлычная | Фастфуд
Барина,4.0,Бар | Терраса
Baba Roma,3.0,Пекарня | Кондитерские изделия | Кондитерская
Шаурмания,5.0,Точка по продаже шаурмы | Фастфуд
Rocket Coffee,4.0,Бар молочных коктейлей | Детский ресторан | Панорамный ресторан
Пекарня на Иркутском тракте,3.0,Пекарня | Кофе на вынос
Пекарня,5.0,Пекарня | Кондитерские изделия | Кондитерская
XO Bakery,5.0,Кофе на вынос
Мэйк лав пицца,3.0,Пиццерия | Фастфуд | Доставка фастфуда
Шашлычный дворик в Геологе,5.0,Доставка еды
Птички,2.0,Банкетный зал
Фреш Ролл,4.0,Фастфуд | Доставка еды | Кофе на вынос
Колобок.Ру,3.0,Пельменная | Кулинария | Столовая
Томский Областной Театр Юного Зрителя,3.0,Столовая | Банкетный зал
Союз,2.7,Детский ресторан | Пельменная | Гриль-бар
Сибирское бистро,3.0,Пельменная | Бургерная | Фастфуд
Дыхание вока,3.0,Лапшичная | Паназиатская кухня | Фастфуд
Chef doner kebab,3.0,Точка по продаже шаурмы | Шашлычная | Фастфуд
Гоби,5.0,Детский ресторан | Гриль-бар | Винный бар
Сидрерия,5.0,Бар | Французская кухня | Испанская кухня
Coffee like,2.0,Бар молочных коктейлей | Кофейня | Кофе на вынос
Спиритс,2.5,Винный бар | Рюмочная | Бар
Кофейро,4.0,Кофе на вынос
Sushiland_70,3.0,Паназиатская кухня | Японская кухня | Доставка азиатской кухни
Легион Фуд,2.4,Точка по продаже шаурмы | Фастфуд | Доставка горячих блюд
Кофеvарка,3.0,Бар молочных коктейлей | Кофе на вынос
Твоя булочная,3.0,Пекарня | Кондитерские изделия | Кондитерская
Шаурма гриль,3.0,Точка по продаже шаурмы | Восточная кухня | Фастфуд
Cosmo Beer,3.0,Спортбар | Пивной ресторан | Бар
Шаурмичная,5.0,Фастфуд
Пирожки и пончики,5.0,Пекарня
Give Me Two,5.0,Паназиатская кухня | Бургерная | Фастфуд
Двор культуры,5.0,Бабл ти бар | Точка по продаже шаурмы | Фастфуд
Магнолия,5.0,Точка по продаже шаурмы | Чебуречная | Восточная кухня
Jawsspot,5.0,Крафтовый бар | Бар | Дог-френдли
Лисичкин хлеб,3.5,Пекарня | Кофе на вынос
Slimgreens,3.0,Панорамный ресторан | Пиццерия | Банкетный зал
Столовая на улице Говорова,5.0,Столовая | Кофе на вынос
Фреш Ролл,3.0,Паназиатская кухня | Фреш-бар | Суши-бар
Coffee like,3.0,Бар молочных коктейлей | Кофейня | Кофе на вынос
Кофейня corner мини-кофейня,5.0,Кофе на вынос
Пять хлебов,3.5,Чебуречная | Восточная кухня | Пельменная
Мойё кофе,5.0,Кофе на вынос
Рюмка кофе,4.0,Винный бар | Бар | Дог-френдли
Наша кухня,3.0,Столовая | Кофе на вынос
Doner Time,3.0,Точка по продаже шаурмы | Восточная кухня | Фастфуд
Домовая кухня,5.0,Кулинария | Кондитерские изделия | Фастфуд
Мойё кофе,5.0,Кофе на вынос
Sova & Slon,5.0,Кофе на вынос
Rostic's Авто,2.4,Кафе | Автокафе | Бар молочных коктейлей
Время есть,3.0,Столовая | Банкетный зал | Доставка еды
Бабуся-ягуся,5.0,Фастфуд
Лотос,4.0,Точка по продаже шаурмы | Паназиатская кухня | Суши-бар
Кафе русской кухни,5.0,Восточная кухня | Пельменная | Банкетный зал
Н.Джой,2.0,Паназиатская кухня | Японская кухня | Американская кухня
Сибирские блины,2.0,Блинная | Точка по продаже шаурмы | Паназиатская кухня
Кафе восточной кухни на проспекте Ленина,5.0,Точка по продаже шаурмы | Чебуречная | Восточная кухня
Шауroom,5.0,Точка по продаже шаурмы | Фастфуд | Доставка фастфуда
Безумно. Крутая шаурма,3.0,Фастфуд круглосуточно | Точка по продаже шаурмы | Фастфуд
Хочу мясо,3.5,Точка по продаже шаурмы | Шашлычная | Фастфуд
Пончик Лайк,4.0,Чебуречная | Детский ресторан | Фастфуд
Кофейня niktarin.coffee,4.0,Кофе на вынос
Боярская доставка в казанах,2.0,Круглосуточная доставка еды | Доставка еды
Coffee like,3.0,Бар молочных коктейлей | Кофейня | Кофе на вынос
Fresh,5.0,Бар молочных коктейлей | Паназиатская кухня | Бургерная
Галерея Суши,1.5,Доставка еды
В лучших традициях,5.0,Шашлычная | Кавказская кухня | Фастфуд
Кулинария,2.7,Пекарня | Кондитерские изделия | Кондитерская
Кедр,5.0,Винный бар | Банкетный зал | Бар
Регион 70,5.0,Пельменная | Стейк-хаус | Доставка горячих блюд
Мойё кофе,5.0,Кофе на вынос
Мойё кофе,4.0,Кофе на вынос
Утро начинается с кофе,2.0,Бар молочных коктейлей | Кавказская кухня | Пиццерия
Lifehacker coffee,3.0,Кофе на вынос
Мойё кофе,5.0,Кофе на вынос
Токио,4.0,Паназиатская кухня | Японская кухня | Доставка азиатской кухни
Coffee like,2.0,Бар молочных коктейлей | Бабл ти бар | Кофейня
У мамы,4.0,Домашняя кухня | Хинкальная | Пельменная
Водомат,5.0,
Русский хлеб,5.0,Пекарня
Sендвич,5.0,Детский ресторан | Фастфуд | Доставка хот-догов
Минутка,2.0,Восточная кухня | Гриль-бар | Кондитерские изделия
Ezh coffee,4.0,Кофейня | Доставка еды | Бизнес-ланч
Kraft Roll,2.0,Паназиатская кухня | Суши-бар | Фастфуд
Шашлычок,5.0,Шашлычная | Кавказская кухня
Кружка счастья,4.0,Кофе на вынос
В лаваше,4.0,Точка по продаже шаурмы | Шашлычная | Кавказская кухня
Rostic`s,2.0,Бар молочных коктейлей | Бургерная
Bubble Tea,4.0,Бабл ти бар
Ростовская шаурма,5.0,Точка по продаже шаурмы | Фастфуд
Шаурма и гриль,4.0,Точка по продаже шаурмы | Шашлычная | Фастфуд
Черная акула,4.0,Паназиатская кухня | Японская кухня | Доставка азиатской кухни
Ретро,3.5,
Ноу-Хау,5.0,Панорамный ресторан | Кофейня | Доставка хот-догов
Узген,3.0,Точка по продаже шаурмы | Чебуречная | Восточная кухня
Столовая на улице Вершинина,5.0,Столовая
Ешь Суши,3.0,Паназиатская кухня | Суши-бар | Японская кухня
Столовая в Советском районе,5.0,Столовая
Автомат по продаже кофе на улице Карла Маркса,3.0,Кофе на вынос
Сдоба,5.0,Пекарня
Столовая для бездомных,3.0,Столовая
В главном,2.0,Столовая | Кофе на вынос | Бизнес-ланч
№1,4.0,Столовая
Безумно. Крутая шаурма,3.0,Точка по продаже шаурмы | Фастфуд | Доставка фастфуда
Пряникъ,2.0,Кондитерские изделия | Кейтеринг
Kikko,5.0,Кофе на вынос
Хвоя,3.0,Банкетный зал
Экспресс-кофейня barbarista coffee,2.0,Бар молочных коктейлей | Кофейня | Кофе на вынос
Минутка,3.0,Кофе на вынос
ЧебурекМи,2.0,Домашняя кухня | Чебуречная | Восточная кухня
Сибирское изобилие,4.0,Столовая | Банкетный зал | Европейская кухня
Хлебный домик,5.0,Кулинария
Пирога,2.0,Пекарня | Кондитерские изделия | Кондитерская
Обеды в офис,2.0,Доставка горячих блюд | Доставка салатов | Доставка супов
Пекарня на улице Смирнова,5.0,Пекарня
Кафе быстрого питания в Ленинском районе,5.0,Точка по продаже шаурмы | Шашлычная | Кавказская кухня
Familia,5.0,Кафе | Кафе с бельгийскими вафлями | Детский ресторан
33 пингвина,2.0,Кафе | Кафе с бельгийскими вафлями | Бабл ти бар
Пять звёзд,5.0,Точка по продаже шаурмы | Фастфуд
Тики-Така,3.0,Бар молочных коктейлей | Кофейня | Кофе на вынос
На Фармочке,2.0,Столовая | Банкетный зал | Доставка азиатской кухни
Насиба,5.0,Восточная кухня | Европейская кухня | Доставка еды
Пончик,5.0,Бар молочных коктейлей | Кондитерские изделия | Кофе на вынос
Фреш Ролл,2.0,Паназиатская кухня | Фреш-бар | Суши-бар
Ерофей Петрович,5.0,Пельменная | Гриль-бар | Винный бар
Царь,3.0,Доставка еды
Sushiland_70,2.0,Паназиатская кухня | Японская кухня | Доставка азиатской кухни
Мини-шеф,5.0,Бар молочных коктейлей | Детский ресторан | Пиццерия
Kafedra,3.0,Круглосуточная кофейня | Кондитерские изделия | Кофейня
Колобок.Ру,4.0,Столовая | Кофе на вынос | Бизнес-ланч
Delivery food,5.0,Паназиатская кухня | Японская кухня | Доставка азиатской кухни
Мистер Хе,5.0,Кулинария
Киоск домашней выпечки,4.0,Кафе | Кафе с бельгийскими вафлями | Пиццерия
Surf Coffee x Lamp,4.0,Бар молочных коктейлей | Фреш-бар | Кофейня
Буffет,4.0,Бар молочных коктейлей | Круглосуточная кофейня | Кофейня
Узбегим,4.0,Чебуречная | Восточная кухня | Пельменная
Sokolova_dessert,5.0,Кондитерские изделия | Кондитерская
ProFerma,2.0,Бар молочных коктейлей | Бургерная | Фастфуд
Очаг,2.0,Восточная кухня | Гриль-бар | Шашлычная
Мойё кофе,5.0,Кофе на вынос
Don macaron,5.0,Кондитерские изделия | Кондитерская | Кофе на вынос
Клюква,5.0,Столовая | Кофе на вынос
Наше,4.0,Кафе | Кафе с бельгийскими вафлями | Чебуречная
Е`да,2.0,Фастфуд | Кофе на вынос
Живая вода,4.0,
Green,5.0,Бар | Кейтеринг | Танцпол
SalmonDay,4.0,Доставка азиатской кухни | Доставка корейской еды | Доставка салатов
Сдоба,4.0,Пекарня | Фастфуд | Кофе на вынос
Live,4.0,Крафтовый бар | Бар | Живая музыка
Буррито.,4.0,Фастфуд | Мексиканская кухня | Латиноамериканская кухня
Чоколатте,4.0,Бар молочных коктейлей | Панорамный ресторан | Фреш-бар
Шашлык хаус,5.0,Доставка еды
Томичка,2.0,Столовая | Банкетный зал | Кофе на вынос
Точка продажи хот-догов,4.0,Бургерная | Фастфуд | Доставка хот-догов
Street food #1,5.0,Бар молочных коктейлей | Точка по продаже шаурмы | Бургерная
Фреш Ролл,2.0,Паназиатская кухня | Фреш-бар | Суши-бар
Coffee to go,4.0,Кофе на вынос
Пекарня на проспекте Мира,2.5,Пекарня | Кофе на вынос
Zavarnoy_strj,4.5,Кондитерские изделия | Кондитерская | Кофе на вынос
Шашлычная,4.0,Доставка кавказской еды | Доставка шашлыков | Доставка горячих блюд
Шашлычок,4.0,Шашлычная | Кавказская кухня
Суши wok,2.0,Паназиатская кухня | Вегетарианская кухня | Суши-бар
Безумно. Крутая шаурма,2.0,Точка по продаже шаурмы | Фастфуд | Дог-френдли
Every day,4.0,Паназиатская кухня | Суши-бар | Японская кухня
Юг,3.3,Гриль-бар | Шашлычная
Doner master,2.0,Точка по продаже шаурмы | Восточная кухня | Фастфуд
Столовая на улице Белинского,3.0,Столовая
Слон,4.0,Бургерная | Фастфуд
Кофан,4.0,Бар молочных коктейлей | Кофе на вынос
София,4.0,Точка по продаже шаурмы | Чебуречная | Пиццерия
Столовая на улице Ивановского,5.0,Столовая
Ezh coffee,3.0,Кафе | Кафе с бельгийскими вафлями | Бар молочных коктейлей
Ростовская шаурма,4.0,Точка по продаже шаурмы | Восточная кухня | Фастфуд
Сказка,4.5,Пельменная | Банкетный зал
Senior,4.0,Точка по продаже шаурмы | Фастфуд
СушиSell,4.0,Паназиатская кухня | Японская кухня | Доставка азиатской кухни
Суши Море,2.0,Паназиатская кухня | Суши-бар | Фастфуд
Baba Roma,2.0,Бар молочных коктейлей | Пекарня | Кулинария
Оливье,2.0,Кафе | Кафе с бельгийскими вафлями | Детский ресторан
№1,5.0,Столовая | Кофе на вынос
Пирожковая,4.0,Пиццерия | Фастфуд | Кофе на вынос
Шаурма,2.0,Бар молочных коктейлей | Точка по продаже шаурмы | Фастфуд
Кафе-шашлычная,4.0,Точка по продаже шаурмы | Шашлычная | Фастфуд
Султан,4.0,Точка по продаже шаурмы | Восточная кухня | Шашлычная
Бар на Рабочей улице,4.0,Круглосуточный бар | Бар
Пекарья,4.0,Фастфуд
Ecoplatform,4.0,
ВокзалЪ,4.0,Фастфуд | Кофе на вынос
Sushiroll,2.0,Паназиатская кухня | Японская кухня | Доставка азиатской кухни
Sushi hino,2.0,Паназиатская кухня | Японская кухня | Доставка азиатской кухни
Ростовская шаурма,4.0,Точка по продаже шаурмы | Фастфуд
Сибирский рацион,4.0,Блинная | Восточная кухня | Пельменная
Мойё кофе,2.0,Кофе на вынос
АриС,2.7,Чебуречная | Пельменная | Фастфуд
Сдоба,2.5,Пекарня | Кофе на вынос
Lifehacker coffee,2.0,Кофе на вынос
Киоск фастфуда,4.0,Фастфуд
Суши мастер,4.0,Паназиатская кухня | Японская кухня | Доставка азиатской кухни
Шаурмания и не только,3.0,Кафе | Домашняя кухня | Кафе с гиросом
Мойё кофе,2.0,Кофе на вынос
Вы&Печка,5.0,Точка по продаже шаурмы | Чебуречная | Рыбный ресторан
Su&Shi,3.0,Паназиатская кухня | Суши-бар | Фастфуд
Жиз-Быз,3.0,Восточная кухня | Фастфуд
Киоск фастфуда,3.0,Точка по продаже шаурмы | Восточная кухня | Фастфуд
Укромное местечко,3.0,Столовая | Банкетный зал
Теремок,3.5,Чебуречная | Восточная кухня | Пельменная
Stop,3.5,
Безумно. Крутая шаурма,2.0,Точка по продаже шаурмы | Фастфуд
Ош,2.0,Восточная кухня | Шашлычная | Банкетный зал
Блин. Сковородка,5.0,Блинная | Бар молочных коктейлей | Фастфуд
У кольца,4.0,Восточная кухня
Садко,4.0,Точка по продаже шаурмы | Чебуречная | Восточная кухня
Оберон,2.0,Шашлычная | Бургерная | Пиццерия
Кафе-столовая,1.5,Столовая | Банкетный зал | Доставка горячих блюд
Смак тайм,2.5,Фастфуд | Кофе на вынос | Терраса
Центр по продаже коктейлей,2.0,Бар молочных коктейлей | Кофе на вынос
Brtooch,4.0,Точка по продаже шаурмы | Шашлычная | Фастфуд
Сдоба,4.0,Пекарня
Кофейня break,2.0,Кофе на вынос
Время обеда!,4.0,
Ростовская шаурма,4.0,Точка по продаже шаурмы | Фастфуд | Кофе на вынос
Элит ролл,4.0,Паназиатская кухня | Японская кухня | Доставка азиатской кухни
Тортоëжка,5.0,Кондитерские изделия | Торты на заказ
Brunch Time,1.7,Доставка салатов | Доставка блинов | Доставка фастфуда
Суши wok,2.0,Паназиатская кухня | Рыбный ресторан | Вегетарианская кухня
Пирога,3.0,Пекарня | Кондитерская | Кофейня
Как дома,4.0,Столовая | Банкетный зал | Бизнес-ланч
Кофе Рама,2.0,Бар молочных коктейлей | Фреш-бар | Фастфуд
Буфет в Октябрьском районе,4.0,Фастфуд | Кофе на вынос
Хлебный двор,4.0,Кулинария | Кондитерские изделия | Кондитерская
Закусочная на проспекте Мира,4.0,Чебуречная | Хинкальная | Кавказская кухня
Cake House,5.0,Кондитерские изделия | Кофейня
Кафе на Трактовой улице,3.5,
Дело в креме,2.0,Кондитерские изделия | Кондитерская | Кофе на вынос
Do.Bro Кофе,3.0,
Трапеза,4.0,Столовая | Банкетный зал | Кофе на вынос
Мария,4.0,Столовая | Кофе на вынос
Узбечка,4.0,Чебуречная | Восточная кухня | Шашлычная
Кофейня moose,2.5,Бар молочных коктейлей | Кондитерские изделия | Кофе на вынос
Томский кондитер,4.0,Кондитерские изделия | Кондитерская
Дастархан,3.0,Чебуречная | Восточная кухня | Пельменная
Суворов бар,4.0,Фастфуд круглосуточно | Фастфуд | Кофе на вынос
Трапеза,2.0,Столовая | Банкетный зал | Кофе на вынос
Маленькие радости,2.0,Бар молочных коктейлей | Кофейня | Кофе на вынос
Бахарат,3.0,Фастфуд круглосуточно | Точка по продаже шаурмы | Восточная кухня
Столовая Медколледжа,4.0,Банкетный зал
Провинция,3.0,
Podzemka,2.0,Бар молочных коктейлей | Паназиатская кухня | Бургерная
Hohoro coffee,3.0,Кофе на вынос
Лисичкин хлеб,4.0,Пекарня | Кофе на вынос
Буфет в Советском районе,4.0,Фастфуд | Кофе на вынос
Кофейро,4.0,Кофе на вынос
Су энд Ши,4.0,Паназиатская кухня | Суши-бар | Фастфуд
Коробок,3.0,Паназиатская кухня | Суши-бар | Пиццерия
Doner Time,2.0,Точка по продаже шаурмы | Восточная кухня | Фастфуд
Кафе восточной кухни на Тихой улице,4.0,Восточная кухня | Пельменная | Шашлычная
Beer point,3.0,Пивной ресторан | Бар | Дог-френдли
Esterhazy,4.0,
Венская кофейня,5.0,Кофейня | Кофе на вынос
Русские блины,3.0,Блинная | Фастфуд
